,hotel_id,total_rooms,city,start_dt,end_dt
0,1177,5,Yilan,2018-04-15,2019-07-15
1,1178,5,Yilan,2018-05-01,2022-12-01
2,1179,2,Tainan,2018-04-01,2020-08-01
3,1183,8,Nantou,2018-06-20,2020-06-20
4,1188,5,Tainan,2018-07-13,2021-03-14
5,1192,7,Yilan,2019-05-20,2021-10-20
6,1195,5,Tainan,2018-07-31,2022-06-01
7,1197,4,Taitung,2018-04-01,2020-09-02
8,1205,3,Tainan,2018-08-15,2021-04-16
9,1208,5,Nantou,2018-04-13,2020-10-16
10,1217,5,Pingtung,2018-06-01,2021-02-02
11,1225,4,Tainan,2018-09-01,2020-08-02
12,1230,10,Chiayi,2018-07-01,2020-09-02
13,1232,5,Yilan,2018-04-10,2020-10-10
14,1234,4,Pingtung,2018-04-10,2019-10-10
15,1238,6,Yilan,2018-06-12,2019-12-12
16,1242,4,Nantou,2018-05-01,2020-10-01
17,1243,12,Yilan,2018-10-01,2021-03-02
18,1244,5,Hualien,2018-06-20,2019-12-17
19,1246,4,Hualien,2018-06-20,2019-12-17
20,1257,8,Hualien,2018-06-19,2021-02-20
21,1262,7,Yilan,2018-10-01,2021-03-02
22,1267,19,Hualien,2018-11-01,2021-03-02
23,1269,8,Hualien,2018-04-19,2020-09-22
24,1271,5,Taitung,2018-04-01,2019-07-01
25,1273,4,Tainan,2018-06-16,2019-12-16
26,1276,3,Yilan,2018-07-16,2020-12-17
27,1277,5,Nantou,2018-05-01,2020-08-06
28,1301,4,Yilan,2018-04-01,2019-07-01
29,1305,40,Taipei,2019-04-29,2021-06-30
30,1307,20,Yilan,2019-10-01,2022-01-01
31,1311,4,Pingtung,2018-08-01,2019-08-01
32,1312,4,Miaoli,2018-06-21,2020-11-22
33,1328,4,Hualien,2018-04-01,2019-06-01
34,1334,20,New Taipei,2019-04-20,2021-05-20
35,1529,42,Tainan,2019-09-25,2020-11-25
36,1537,5,Tainan,2018-07-13,2021-03-14
37,1539,5,Hualien,2018-07-13,2019-10-13
38,1540,30,Tainan,2018-09-01,2021-05-01
39,1547,13,Pingtung,2018-07-13,2021-03-13
40,1555,25,Pingtung,2018-04-10,2019-11-11
41,1558,24,Taitung,2018-04-01,2021-12-01
42,1576,6,Nantou,2018-05-09,2021-09-10
43,1607,4,Tainan,2018-06-01,2019-09-01
44,1618,2,Tainan,2018-05-22,2020-09-26
45,1621,3,Tainan,2019-04-30,2021-07-01
46,1624,5,Tainan,2018-06-16,2019-12-16
47,1627,7,Taitung,2018-06-26,2020-11-27
48,1629,4,Tainan,2018-06-14,2020-10-15
49,1639,8,Nantou,2018-04-21,2019-06-21
50,1641,5,Yilan,2018-05-21,2020-08-23
51,1648,17,Nantou,2018-06-01,2020-10-02
52,1659,3,Taitung,2018-04-01,2020-09-02
53,1672,12,Nantou,2018-04-05,2020-09-06
54,1677,5,Tainan,2018-05-22,2020-09-26
55,1678,3,Nantou,2018-04-01,2020-08-01
56,1682,5,Taitung,2018-07-17,2020-11-17
57,1683,5,Pingtung,2018-07-01,2019-09-01
58,1684,11,Pingtung,2018-09-01,2021-01-01
59,1685,18,Nantou,2018-06-08,2020-10-09
60,1693,20,Taipei,2018-05-21,2020-09-22
61,1694,5,Taichung,2018-05-01,2020-09-02
62,1697,5,Yilan,2018-07-01,2020-11-02
63,1701,4,Yilan,2018-04-15,2019-07-15
64,1702,5,Yilan,2018-04-15,2019-07-15
65,1711,8,Nantou,2018-05-18,2020-09-19
66,1714,12,Tainan,2019-06-28,2020-12-28
67,1716,10,Taitung,2018-06-15,2020-10-16
68,1723,6,Nantou,2018-09-01,2019-11-01
69,1724,4,Nantou,2018-06-01,2021-07-03
70,1725,6,Nantou,2019-03-01,2021-07-01
71,1727,9,Taitung,2018-11-05,2020-12-05
72,1728,5,Pingtung,2018-07-01,2020-11-01
73,1733,4,Taitung,2018-06-06,2020-10-07
74,1736,10,Nantou,2018-06-01,2020-10-02
75,1737,15,Nantou,2018-05-02,2020-09-03
76,1776,6,Nantou,2018-06-01,2021-07-02
77,1796,12,Pingtung,2018-08-01,2020-12-02
78,1798,8,Nantou,2018-09-01,2020-09-01
79,1802,32,Tainan,2019-09-25,2020-11-25
80,1805,3,Taitung,2018-07-26,2019-10-22
81,1806,5,Hualien,2018-06-15,2019-08-15
82,1811,5,Nantou,2018-09-01,2021-01-02
83,1812,8,Yilan,2018-07-03,2020-11-04
84,1813,6,Nantou,2018-07-01,2020-09-01
85,1821,14,Pingtung,2019-01-01,2021-06-02
86,1822,9,Hualien,2018-07-08,2021-07-08
87,1824,39,Pingtung,2019-05-01,2020-10-01
88,1826,15,Pingtung,2018-06-01,2019-08-01
89,1827,14,Hualien,2018-06-30,2021-06-30
90,1831,5,Hualien,2018-09-01,2021-01-02
91,1833,5,Nantou,2018-06-25,2020-10-25
92,1837,6,Pingtung,2018-07-01,2020-05-01
93,1845,5,Pingtung,2018-09-01,2021-02-02
94,1847,8,Pingtung,2019-10-01,2020-10-01
95,1851,13,Nantou,2018-06-01,2021-08-01
96,1852,17,Nantou,2019-06-07,2020-10-07
97,1854,5,Nantou,2018-08-15,2020-12-15
98,1859,8,Yilan,2018-07-03,2020-11-04
99,1860,7,Nantou,2018-08-15,2020-12-16
100,1865,8,Taitung,2018-06-26,2020-08-27
101,1870,22,Taipei,2018-05-18,2020-08-18
102,1873,6,Tainan,2018-05-22,2020-09-26
103,1874,2,Tainan,2018-05-22,2020-09-26
104,1875,4,Tainan,2018-06-30,2021-07-31
105,1877,7,Taitung,2018-06-26,2020-11-27
106,1879,5,Nantou,2018-06-01,2020-08-05
107,1880,7,Pingtung,2018-08-01,2020-08-02
108,1882,52,Pingtung,2018-08-01,2019-08-01
109,1885,3,Pingtung,2018-07-13,2021-03-13
110,1890,10,Pingtung,2018-08-01,2020-12-01
111,1891,4,Taitung,2019-05-02,2021-07-02
112,1895,6,Hualien,2019-02-21,2021-07-21
113,1907,3,Chiayi,2018-10-01,2021-05-02
114,1909,20,New Taipei,2018-05-24,2020-08-24
115,1910,8,Nantou,2018-06-07,2020-10-08
116,1914,13,Nantou,2018-07-01,2019-09-01
117,1915,32,Nantou,2018-07-01,2020-10-01
118,1916,9,Pingtung,2018-07-01,2019-09-01
119,1919,10,Pingtung,2018-07-26,2019-10-22
120,1921,15,Nantou,2018-07-30,2020-12-01
121,1922,7,Taitung,2018-06-01,2020-11-01
122,1926,40,Yilan,2018-09-01,2021-01-02
123,1927,6,Taitung,2018-07-01,2020-11-01
124,1929,19,Taitung,2019-05-17,2021-05-17
125,1930,3,Nantou,2018-08-01,2020-10-02
126,1933,10,Pingtung,2019-08-04,2021-10-04
127,1942,4,Hualien,2018-07-28,2019-07-28
128,1949,16,Hualien,2018-07-07,2020-09-08
129,1952,11,Hualien,2018-07-27,2019-07-27
130,1953,10,Hualien,2018-10-31,2020-10-31
131,1960,9,Hualien,2019-03-14,2021-07-15
132,1965,7,Taitung,2018-07-11,2020-11-12
133,1968,7,Tainan,2018-06-20,2019-06-20
134,1970,3,Tainan,2018-06-20,2019-06-20
135,1971,2,Tainan,2018-06-20,2019-06-20
136,1973,5,Hualien,2018-07-15,2019-07-15
137,1977,5,Nantou,2018-08-01,2021-03-03
138,1979,60,Kaohsiung,2018-08-01,2019-07-01
139,1982,5,Yilan,2019-02-01,2020-04-01
140,1984,8,Yilan,2018-09-01,2021-02-03
141,1985,4,Yilan,2019-01-15,2021-05-16
142,1993,5,Yilan,2019-02-15,2020-04-15
143,1994,6,Nantou,2018-07-01,2020-08-01
144,1996,29,Nantou,2018-07-22,2023-07-22
145,1999,16,Nantou,2018-08-01,2019-09-01
146,2010,5,Yilan,2019-03-13,2020-05-13
147,2014,13,Nantou,2018-08-01,2020-11-02
148,2015,40,Nantou,2020-03-12,2021-05-12
149,2016,7,Nantou,2019-02-01,2021-04-01
150,2019,3,Hualien,2018-08-01,2020-04-23
151,2020,9,Nantou,2018-09-01,2021-01-01
152,2022,3,Nantou,2018-08-01,2022-02-02
153,2025,10,Hualien,2018-08-01,2021-01-01
154,2026,6,Taitung,2018-08-17,2019-10-17
155,2027,6,Taitung,2018-08-11,2020-12-12
156,2028,6,Taitung,2018-08-11,2020-12-12
157,2041,5,Hualien,2018-10-01,2021-03-01
158,2043,20,Taitung,2018-08-26,2019-10-26
159,2044,5,Hualien,2018-08-01,2020-04-23
160,2047,10,Taitung,2018-09-01,2021-02-02
161,2048,8,New Taipei,2018-08-01,2020-12-01
162,2049,8,Hualien,2018-09-01,2021-05-01
163,2051,4,Nantou,2018-10-01,2019-10-01
164,2053,9,Taitung,2018-12-02,2021-07-07
165,2055,4,Taichung,2018-09-01,2020-11-02
166,2056,11,Hualien,2018-08-02,2020-12-03
167,2057,3,Hualien,2018-08-02,2019-10-02
168,2059,7,Taitung,2020-01-13,2021-03-13
169,2060,13,Tainan,2018-12-01,2021-04-01
170,2061,9,Hualien,2018-11-01,2021-01-01
171,2063,2,Tainan,2018-09-08,2022-01-08
172,2064,1,Tainan,2018-09-08,2022-01-08
173,2065,3,Tainan,2018-09-08,2022-01-08
174,2066,3,Tainan,2018-09-08,2022-01-08
175,2067,3,Tainan,2018-09-08,2022-01-08
176,2068,3,Tainan,2018-09-08,2022-01-08
177,2069,5,Taichung,2018-09-01,2020-11-02
178,2070,9,Tainan,2019-02-28,2021-06-28
179,2075,7,Hualien,2018-10-01,2021-01-01
180,2076,5,Hualien,2018-10-01,2021-01-01
181,2079,8,Pingtung,2020-06-18,2021-07-18
182,2082,15,Pingtung,2018-08-01,2019-08-01
183,2088,40,Miaoli,2018-12-01,2022-04-01
184,2096,9,Pingtung,2018-10-01,2021-03-02
185,2098,4,Hualien,2018-10-01,2021-02-01
186,2099,9,Hualien,2018-09-01,2021-01-01
187,2101,5,Yilan,2019-01-02,2021-06-02
188,2104,5,Hualien,2018-09-01,2021-02-03
189,2107,4,Hualien,2018-09-26,2019-12-26
190,2108,7,Hualien,2018-09-06,2021-02-06
191,2109,6,Hualien,2018-10-01,2019-03-01
192,2112,4,Hualien,2018-10-01,2019-12-01
193,2113,5,Hualien,2018-09-01,2019-11-01
194,2114,5,Hualien,2018-09-15,2021-02-16
195,2115,5,Hualien,2018-09-15,2021-02-16
196,2116,5,Hualien,2018-10-10,2019-04-26
197,2117,5,Hualien,2019-02-01,2021-09-01
198,2118,66,Taipei,2018-10-15,2021-04-16
199,2124,6,Hualien,2018-09-07,2021-02-07
200,2125,8,Nantou,2018-11-15,2021-03-15
201,2129,5,Yilan,2018-10-30,2021-03-30
202,2130,12,Nantou,2018-09-12,2021-01-12
203,2131,19,Pingtung,2018-10-01,2021-01-02
204,2134,3,Taitung,2018-09-21,2021-02-21
205,2137,4,Kinmen,2018-12-24,2021-03-25
206,2139,4,Kinmen,2018-10-19,2021-01-19
207,2140,6,Kinmen,2018-10-15,2022-02-16
208,2164,4,Hualien,2018-10-01,2019-12-01
209,2166,8,Kinmen,2018-10-17,2020-01-17
210,2167,8,Kinmen,2018-10-01,2020-10-01
211,2170,10,Kinmen,2018-11-01,2021-01-02
212,2175,5,Nantou,2018-11-20,2020-02-20
213,2180,11,Kinmen,2018-10-03,2021-12-03
214,2181,5,Kinmen,2018-10-15,2020-12-16
215,2183,6,Yilan,2018-10-25,2021-02-26
216,2184,7,Kinmen,2018-10-30,2021-07-30
217,2187,5,Tainan,2018-11-15,2021-01-15
218,2188,5,Tainan,2018-11-15,2021-01-15
219,2189,4,Tainan,2018-11-15,2021-01-15
220,2190,2,Tainan,2018-11-15,2021-01-15
221,2191,7,Tainan,2018-11-15,2021-01-15
222,2192,13,Nantou,2018-11-06,2020-11-06
223,2196,4,Yilan,2018-11-01,2021-04-02
224,2197,5,Hualien,2018-10-08,2020-10-08
225,2198,5,Hualien,2018-10-08,2020-10-08
226,2199,5,Taitung,2018-10-02,2021-02-02
227,2200,20,Taitung,2019-04-14,2021-05-14
228,2202,13,Pingtung,2019-01-01,2021-05-02
229,2204,11,Penghu,2018-11-15,2021-07-15
230,2206,5,Tainan,2018-11-15,2021-03-16
231,2207,8,Penghu,2018-11-15,2021-05-17
232,2208,3,Taitung,2018-06-15,2020-10-16
233,2209,10,Penghu,2018-11-15,2022-02-15
234,2210,15,Pingtung,2018-08-01,2019-08-01
235,2212,6,Penghu,2018-11-15,2022-07-15
236,2213,22,Penghu,2018-11-15,2022-07-15
237,2214,7,Penghu,2018-11-15,2019-11-15
238,2215,5,Penghu,2018-11-15,2022-07-15
239,2217,15,Penghu,2018-11-15,2022-03-15
240,2218,5,Penghu,2018-11-15,2022-03-15
241,2219,5,Penghu,2018-11-15,2021-04-16
242,2220,7,Penghu,2018-11-15,2021-01-15
243,2222,18,Penghu,2018-11-15,2019-12-15
244,2223,10,Penghu,2018-11-15,2020-02-15
245,2224,20,Hualien,2018-10-09,2019-12-09
246,2225,7,Hualien,2018-12-04,2021-03-04
247,2226,5,Hualien,2018-12-04,2021-03-04
248,2227,6,Penghu,2018-11-15,2021-01-15
249,2231,4,Penghu,2018-11-15,2022-03-15
250,2233,5,Penghu,2018-11-15,2021-02-15
251,2234,4,Penghu,2018-11-15,2021-02-15
252,2236,4,Penghu,2018-11-15,2021-02-15
253,2237,4,Penghu,2018-11-15,2021-02-15
254,2238,3,Penghu,2018-11-15,2021-02-15
255,2239,6,Penghu,2018-11-15,2021-02-15
256,2240,4,Penghu,2018-11-15,2021-02-15
257,2243,4,Miaoli,2018-10-25,2021-03-25
258,2244,15,Taitung,2018-10-15,2021-03-15
259,2245,5,Penghu,2018-11-15,2021-02-15
260,2246,5,Penghu,2018-11-15,2022-02-15
261,2247,5,Nantou,2018-11-01,2021-01-02
262,2249,4,Penghu,2018-11-15,2021-02-15
263,2250,4,Tainan,2018-11-30,2021-03-31
264,2251,6,Tainan,2018-11-30,2021-03-31
265,2252,5,Tainan,2018-11-30,2021-03-31
266,2257,3,Yilan,2019-10-15,2022-02-15
267,2258,24,Nantou,2018-11-06,2021-05-06
268,2260,4,Tainan,2019-04-01,2021-08-02
269,2261,5,Tainan,2019-04-01,2021-08-02
270,2262,3,Tainan,2019-04-01,2021-08-02
271,2263,4,Tainan,2019-04-01,2021-08-02
272,2265,5,Tainan,2019-04-01,2021-08-02
273,2267,11,Tainan,2019-04-01,2021-08-02
274,2268,10,Hualien,2018-12-01,2021-04-01
275,2269,8,Hualien,2018-12-01,2021-02-01
276,2270,6,Hualien,2018-12-01,2021-02-01
277,2272,5,Yilan,2018-11-01,2021-02-02
278,2274,6,Tainan,2019-01-01,2021-05-03
279,2275,6,Tainan,2019-01-01,2021-05-03
280,2276,10,Tainan,2019-04-01,2021-08-02
281,2279,5,Tainan,2018-12-15,2021-04-16
282,2283,8,Chiayi,2018-11-30,2021-05-02
283,2286,5,Changhua,2019-10-01,2020-12-01
284,2287,4,Tainan,2018-11-05,2020-02-05
285,2288,5,Tainan,2018-11-05,2020-02-05
286,2289,5,Tainan,2018-11-05,2020-02-05
287,2290,5,Changhua,2018-12-01,2021-04-01
288,2291,5,Tainan,2019-04-01,2021-08-02
289,2292,5,Tainan,2019-04-01,2021-08-02
290,2293,15,Tainan,2019-04-01,2021-08-02
291,2294,8,Hualien,2018-11-05,2020-02-05
292,2304,6,Hualien,2018-12-05,2021-02-05
293,2305,5,Hualien,2018-11-01,2020-01-01
294,2306,5,Changhua,2018-12-01,2021-03-01
295,2309,5,Hualien,2019-02-25,2020-04-25
296,2310,19,Taitung,2018-12-01,2022-04-01
297,2313,7,Miaoli,2019-01-01,2021-05-01
298,2314,20,Hualien,2018-12-01,2020-03-01
299,2315,2,Hualien,2018-11-01,2021-03-02
300,2318,8,Changhua,2018-12-01,2022-05-01
301,2319,5,Tainan,2019-02-15,2020-04-15
302,2320,9,Nantou,2018-12-01,2021-04-02
303,2321,5,Hualien,2018-12-31,2021-05-02
304,2322,6,Hualien,2018-12-15,2020-03-05
305,2330,5,Hualien,2018-12-15,2020-01-15
306,2331,2,New Taipei,2018-12-15,2020-01-15
307,2332,6,Hualien,2018-12-01,2021-04-01
308,2333,9,Hualien,2019-01-14,2020-05-14
309,2339,7,Changhua,2019-04-08,2021-10-08
310,2343,8,Yilan,2019-02-01,2021-06-01
311,2345,8,Tainan,2019-03-07,2020-03-07
312,2346,11,Pingtung,2019-01-01,2021-06-03
313,2348,3,New Taipei,2018-12-02,2021-03-03
314,2349,6,New Taipei,2018-12-15,2021-04-15
315,2350,5,New Taipei,2019-01-01,2020-02-01
316,2353,8,Tainan,2018-12-10,2021-04-10
317,2354,4,Yilan,2018-12-03,2019-12-03
318,2355,5,Hualien,2018-12-31,2019-12-31
319,2356,11,Hualien,2018-12-31,2019-12-31
320,2357,9,Hualien,2019-12-27,2021-02-27
321,2359,5,New Taipei,2018-12-15,2021-04-15
322,2360,7,New Taipei,2018-12-15,2021-04-15
323,2361,5,New Taipei,2018-12-15,2021-04-15
324,2363,40,Hualien,2019-04-01,2020-06-01
325,2366,11,Pingtung,2019-01-02,2021-06-03
326,2367,5,Yilan,2019-01-14,2020-09-14
327,2369,6,Tainan,2018-12-30,2021-05-01
328,2371,10,Pingtung,2019-02-01,2021-06-02
329,2374,7,Taitung,2018-12-18,2020-02-18
330,2376,7,Hualien,2019-01-15,2021-05-15
331,2379,2,Kinmen,2018-12-24,2021-03-25
332,2380,5,Hualien,2019-01-01,2021-05-02
333,2381,11,Taitung,2018-12-18,2020-02-18
334,2384,7,Hualien,2019-01-01,2020-03-01
335,2385,6,Kaohsiung,2019-04-01,2021-08-02
336,2386,6,Tainan,2018-12-14,2022-05-15
337,2388,1,New Taipei,2019-02-14,2020-03-17
338,2389,4,Tainan,2019-04-01,2019-10-22
339,2390,8,Tainan,2019-04-01,2019-10-22
340,2391,5,Tainan,2019-04-01,2020-06-01
341,2400,6,Hualien,2019-01-01,2021-05-01
342,2401,6,New Taipei,2019-01-15,2021-05-15
343,2404,4,Yilan,2018-12-30,2021-06-01
344,2407,18,Kaohsiung,2019-04-01,2021-06-02
345,2408,37,Kaohsiung,2019-04-01,2021-08-02
346,2409,8,Kaohsiung,2019-04-01,2021-08-02
347,2410,8,Tainan,2019-01-31,2021-08-01
348,2411,7,Penghu,2019-02-01,2021-06-02
349,2412,10,Penghu,2019-02-01,2021-06-02
350,2414,5,Penghu,2019-02-01,2020-04-01
351,2415,6,Penghu,2019-02-01,2020-04-01
352,2416,5,Penghu,2019-03-01,2021-06-02
353,2417,9,Tainan,2019-03-01,2020-04-01
354,2418,11,Yilan,2018-12-31,2021-05-02
355,2419,4,Penghu,2019-03-01,2021-06-02
356,2420,12,Tainan,2019-01-31,2021-06-01
357,2421,7,Penghu,2019-03-01,2021-06-02
358,2423,6,Yilan,2018-12-31,2021-05-02
359,2424,9,New Taipei,2019-03-01,2021-06-02
360,2425,33,Pingtung,2019-06-01,2020-09-01
361,2430,7,Pingtung,2019-03-01,2021-08-02
362,2431,1,Tainan,2019-01-31,2020-03-31
363,2432,3,Tainan,2019-01-31,2020-03-31
364,2433,4,Hualien,2018-10-01,2021-02-01
365,2434,5,Tainan,2019-02-11,2021-06-11
366,2437,5,Hualien,2019-02-01,2020-04-01
367,2438,7,New Taipei,2019-01-14,2021-07-15
368,2439,5,Taoyuan,2019-04-01,2020-05-01
369,2442,40,Taichung,2019-01-15,2020-04-15
370,2443,3,Pingtung,2019-01-01,2021-05-02
371,2449,4,Hualien,2019-01-31,2020-01-31
372,2450,4,Hualien,2019-01-31,2020-01-31
373,2451,5,Taoyuan,2019-01-21,2020-03-21
374,2452,5,Penghu,2019-03-01,2020-05-01
375,2455,5,Pingtung,2019-03-01,2020-05-01
376,2456,13,Penghu,2019-03-01,2021-06-02
377,2458,3,Tainan,2019-02-01,2021-05-02
378,2466,6,Tainan,2019-04-30,2021-07-01
379,2467,12,Hualien,2019-02-14,2020-09-14
380,2468,6,Hualien,2019-02-20,2020-08-20
381,2469,5,Hualien,2019-02-16,2020-09-16
382,2472,8,Hualien,2019-02-16,2020-09-16
383,2473,19,Nantou,2019-03-01,2021-09-01
384,2475,3,Tainan,2019-02-20,2021-06-20
385,2477,15,Pingtung,2019-04-15,2020-07-15
386,2478,1,Hualien,2019-02-16,2020-09-16
387,2480,25,Taitung,2019-02-22,2020-08-22
388,2481,9,Taitung,2020-06-15,2021-08-15
389,2482,10,Tainan,2019-04-15,2021-08-15
390,2484,5,Kaohsiung,2019-02-10,2020-03-10
391,2485,3,Tainan,2019-01-31,2020-01-31
392,2486,3,Hualien,2019-02-11,2020-04-11
393,2487,25,Kaohsiung,2019-04-01,2020-06-01
394,2488,10,Kaohsiung,2019-04-01,2020-06-01
395,2491,20,Kaohsiung,2019-04-01,2021-08-02
396,2493,5,Hualien,2019-03-04,2021-05-04
397,2494,9,Pingtung,2019-04-15,2020-06-15
398,2495,6,Tainan,2019-02-15,2021-07-15
399,2496,9,Hualien,2019-02-18,2021-05-19
400,2497,4,Taitung,2019-03-11,2020-09-11
401,2498,18,Tainan,2019-02-14,2022-05-15
402,2499,8,Taitung,2019-03-12,2020-09-12
403,2500,6,Yilan,2019-03-12,2020-09-12
404,2503,3,Hualien,2019-03-01,2021-07-01
405,2506,1,Hualien,2019-03-01,2021-05-01
406,2510,4,Taitung,2019-03-19,2020-09-19
407,2512,1,Hualien,2019-02-25,2019-12-23
408,2514,4,Yilan,2019-03-21,2021-07-21
409,2516,5,Taitung,2019-03-01,2021-06-01
410,2518,9,Yilan,2019-03-22,2020-05-22
411,2519,40,Taichung,2019-03-23,2022-09-24
412,2523,8,Pingtung,2019-04-04,2020-09-04
413,2524,11,Pingtung,2019-04-04,2020-09-04
414,2525,10,Pingtung,2019-04-04,2020-09-04
415,2527,5,Yilan,2019-06-24,2021-10-24
416,2528,4,Hualien,2019-03-26,2021-05-27
417,2529,13,Tainan,2019-04-01,2021-08-02
418,2530,6,Tainan,2019-02-14,2022-05-15
419,2531,2,Tainan,2019-02-14,2020-03-17
420,2535,3,Tainan,2019-12-30,2020-12-30
421,2536,3,Tainan,2019-12-30,2020-12-30
422,2537,3,Tainan,2019-12-30,2020-12-30
423,2538,3,Tainan,2019-12-30,2020-12-30
424,2539,6,Tainan,2019-04-01,2021-08-02
425,2545,5,Tainan,2019-04-13,2021-08-14
426,2546,21,Pingtung,2019-04-07,2020-09-07
427,2549,10,Pingtung,2019-04-12,2020-09-12
428,2550,16,Pingtung,2020-05-01,2021-10-01
429,2551,5,Yilan,2019-04-01,2021-08-01
430,2553,8,Chiayi,2019-04-14,2020-09-14
431,2554,5,Yilan,2019-06-03,2020-09-03
432,2558,6,Hualien,2019-03-29,2021-07-30
433,2559,8,Taichung,2019-04-16,2021-07-17
434,2585,2,New Taipei,2019-04-19,2020-04-19
435,2586,12,Tainan,2019-04-18,2020-08-18
436,2587,6,Taitung,2019-04-18,2021-02-19
437,2589,8,Tainan,2019-04-01,2021-08-02
438,2591,4,Taitung,2019-04-21,2020-04-21
439,2592,5,Taitung,2019-04-21,2020-05-21
440,2593,14,Pingtung,2019-05-01,2020-08-01
441,2594,4,Taitung,2019-04-22,2020-06-22
442,2595,14,Taitung,2019-04-22,2020-06-22
443,2599,4,Kaohsiung,2019-04-22,2021-07-22
444,2600,15,Pingtung,2019-05-01,2020-10-01
445,2603,11,Taitung,2019-04-22,2021-05-22
446,2604,5,Taitung,2019-07-15,2020-07-14
447,2605,4,Yilan,2019-04-23,2021-09-23
448,2606,12,Taitung,2019-04-24,2021-05-25
449,2607,4,Tainan,2019-05-01,2021-08-02
450,2609,5,Yilan,2019-04-26,2021-09-26
451,2611,5,Taitung,2019-03-25,2021-05-26
452,2617,26,Taitung,2019-04-29,2022-04-29
453,2618,6,Hualien,2019-05-08,2021-08-09
454,2620,9,Hualien,2019-04-28,2021-08-28
455,2622,9,Taitung,2019-04-28,2021-05-28
456,2623,4,Taitung,2019-04-28,2021-05-28
457,2624,6,Taitung,2019-04-28,2021-05-28
458,2625,10,Penghu,2019-04-28,2021-07-29
459,2628,5,Penghu,2019-04-29,2020-06-29
460,2629,10,Penghu,2020-01-01,2021-01-01
461,2634,6,Pingtung,2019-04-28,2021-07-28
462,2635,29,Pingtung,2019-04-28,2021-07-28
463,2637,56,Penghu,2019-04-29,2021-08-30
464,2638,6,Penghu,2019-07-01,2021-12-01
465,2639,5,Yilan,2019-04-15,2021-07-15
466,2640,22,Taichung,2019-05-02,2021-07-03
467,2641,15,Taichung,2019-05-02,2021-07-03
468,2653,20,Penghu,2019-05-01,2021-08-02
469,2655,5,Penghu,2019-05-02,2021-07-03
470,2656,4,Hualien,2019-05-02,2021-07-03
471,2657,4,Hualien,2019-05-02,2020-05-11
472,2658,4,Hualien,2019-05-02,2020-05-11
473,2659,7,Penghu,2019-05-01,2021-07-02
474,2661,2,Taitung,2019-05-02,2020-07-02
475,2662,5,Penghu,2019-06-01,2021-07-02
476,2663,7,Penghu,2019-06-01,2021-07-02
477,2664,8,Penghu,2019-06-01,2021-09-02
478,2665,10,Penghu,2019-05-01,2020-05-01
479,2668,31,Nantou,2019-06-08,2020-08-08
480,2673,4,Tainan,2019-04-15,2021-06-15
481,2674,10,Kaohsiung,2019-05-16,2021-06-16
482,2676,7,Tainan,2019-05-09,2020-06-09
483,2677,5,Tainan,2019-05-09,2021-08-10
484,2678,5,Hualien,2019-05-20,2021-07-20
485,2679,34,Pingtung,2019-06-01,2021-10-01
486,2680,5,Tainan,2019-05-11,2020-11-11
487,2684,8,Taitung,2019-05-12,2021-07-13
488,2685,4,Tainan,2019-05-13,2021-07-14
489,2686,8,Tainan,2019-05-12,2020-06-12
490,2687,9,Taitung,2019-05-12,2021-07-12
491,2688,5,Tainan,2019-05-16,2020-06-16
492,2689,6,Pingtung,2019-05-12,2021-10-12
493,2692,16,Taitung,2019-05-13,2021-06-13
494,2693,5,Penghu,2019-05-16,2021-11-16
495,2694,5,Tainan,2019-05-16,2021-07-17
496,2695,5,Pingtung,2019-05-12,2020-08-12
497,2696,7,Tainan,2019-05-17,2021-08-18
498,2697,2,Tainan,2019-05-17,2021-08-18
499,2700,8,Taitung,2019-05-14,2021-07-14
500,2701,16,Taitung,2019-05-14,2021-07-14
501,2702,4,Taitung,2019-05-16,2021-05-16
502,2704,7,Taitung,2019-05-16,2020-05-16
503,2705,10,Taitung,2019-05-16,2021-07-17
504,2706,2,Tainan,2019-04-01,2021-08-02
505,2707,7,Kaohsiung,2019-05-18,2020-11-18
506,2709,22,Hualien,2019-06-01,2021-08-01
507,2710,5,Hualien,2019-06-01,2021-08-01
508,2711,6,Hualien,2019-06-01,2021-08-01
509,2715,5,Yilan,2019-05-17,2021-09-17
510,2716,8,Pingtung,2019-05-18,2020-08-18
511,2718,3,Tainan,2019-10-14,2020-11-14
512,2720,7,Hualien,2019-05-16,2021-08-16
513,2721,1,Hualien,2019-05-16,2021-08-16
514,2728,4,Tainan,2019-05-20,2020-08-18
515,2729,7,Hualien,2019-05-19,2021-08-19
516,2730,2,Hualien,2019-05-19,2021-08-19
517,2731,8,Hualien,2019-05-19,2021-08-19
518,2734,8,Tainan,2019-11-01,2021-01-01
519,2735,10,Kaohsiung,2019-05-21,2020-11-21
520,2737,11,Nantou,2019-05-23,2021-07-23
521,2744,8,Tainan,2019-05-20,2020-08-18
522,2745,5,Pingtung,2019-05-20,2019-08-20
523,2746,4,Kinmen,2019-05-01,2021-08-01
524,2751,4,Tainan,2019-06-02,2021-08-03
525,2752,13,Nantou,2019-06-10,2020-10-10
526,2753,6,Pingtung,2019-05-26,2021-07-26
527,2755,8,Yilan,2019-06-02,2020-08-02
528,2756,5,Tainan,2019-05-29,2021-07-30
529,2757,5,Tainan,2019-06-07,2020-07-07
530,2758,5,Tainan,2019-06-07,2020-07-07
531,2759,2,Tainan,2019-06-07,2020-07-07
532,2760,9,Pingtung,2019-05-29,2020-03-03
533,2761,3,Kaohsiung,2019-05-28,2021-07-28
534,2762,14,Pingtung,2019-05-29,2020-05-29
535,2763,6,Pingtung,2019-05-30,2020-05-30
536,2764,7,Pingtung,2019-05-30,2021-07-30
537,2768,4,Penghu,2019-06-20,2020-09-20
538,2769,12,Tainan,2019-05-30,2021-07-31
539,2770,12,Tainan,2019-05-30,2021-07-31
540,2779,45,Taipei,2019-06-04,2021-08-05
541,2780,5,Taipei,2019-06-08,2020-08-08
542,2781,8,Taipei,2019-07-02,2020-09-02
543,2784,6,Yilan,2019-05-20,2020-08-20
544,2786,10,Pingtung,2019-06-01,2019-10-22
545,2788,6,Yilan,2019-06-01,2021-09-01
546,2789,5,Tainan,2019-06-20,2020-08-20
547,2792,3,Pingtung,2019-06-04,2020-06-04
548,2793,5,Tainan,2019-06-04,2021-07-04
549,2795,80,Taitung,2019-06-04,2022-06-04
550,2796,6,Hsinchu,2019-06-01,2021-07-02
551,2799,5,Pingtung,2019-06-06,2020-06-06
552,2804,6,Tainan,2019-06-20,2020-08-18
553,2805,5,Yilan,2019-06-20,2020-04-20
554,2806,8,Hualien,2019-06-20,2020-08-20
555,2807,5,Yilan,2019-05-20,2021-10-20
556,2808,12,Yilan,2019-06-01,2021-11-01
557,2810,12,Yilan,2019-06-20,2020-08-20
558,2813,4,Tainan,2019-06-10,2020-08-10
559,2814,26,Pingtung,2019-06-10,2021-12-10
560,2815,5,Hualien,2019-06-01,2021-08-01
561,2817,29,Nantou,2019-07-02,2020-11-02
562,2819,6,Hualien,2019-03-14,2021-07-15
563,2822,3,Hualien,2019-06-01,2020-06-01
564,2823,13,Pingtung,2019-06-14,2020-08-14
565,2824,6,Pingtung,2019-06-14,2020-08-14
566,2825,24,Kaohsiung,2019-06-24,2020-10-24
567,2826,8,Kaohsiung,2019-06-24,2020-10-24
568,2827,24,Kaohsiung,2019-06-24,2020-10-24
569,2828,7,Kaohsiung,2019-06-24,2020-10-24
570,2829,3,Kaohsiung,2019-06-24,2020-10-24
571,2830,12,Kaohsiung,2019-06-24,2020-10-24
572,2831,4,Tainan,2019-06-21,2021-10-22
573,2832,2,Tainan,2019-06-21,2021-10-22
574,2833,4,Tainan,2019-06-21,2021-10-22
575,2834,4,Tainan,2019-06-21,2021-10-22
576,2835,5,Penghu,2019-06-20,2019-07-20
577,2836,22,Hualien,2019-07-01,2020-09-01
578,2839,9,Tainan,2019-06-20,2020-12-20
579,2840,4,Penghu,2019-06-20,2019-09-20
580,2841,5,Tainan,2019-06-10,2020-08-10
581,2843,24,Tainan,2019-06-21,2020-08-21
582,2845,1,Tainan,2019-06-16,2020-08-16
583,2846,10,Pingtung,2019-06-20,2022-01-20
584,2847,13,Taitung,2019-06-20,2020-08-20
585,2848,6,Taitung,2019-06-20,2020-08-20
586,2849,6,Tainan,2019-06-22,2020-08-22
587,2850,14,Tainan,2020-02-23,2021-04-23
588,2851,13,Penghu,2020-02-01,2021-04-01
589,2853,7,Pingtung,2019-06-24,2020-06-24
590,2854,5,Penghu,2019-06-20,2020-08-20
591,2855,28,Pingtung,2019-06-23,2020-06-23
592,2857,19,Taitung,2019-06-25,2022-10-25
593,2858,11,Tainan,2019-06-25,2020-08-25
594,2859,4,Pingtung,2019-07-18,2020-08-18
595,2861,20,Penghu,2019-06-20,2020-09-21
596,2864,6,Yilan,2019-06-28,2021-11-28
597,2866,5,Yilan,2019-06-27,2021-10-27
598,2867,4,Yilan,2019-07-01,2021-12-01
599,2869,20,Penghu,2019-06-20,2020-08-20
600,2870,6,Yilan,2019-07-01,2021-01-01
601,2871,3,Pingtung,2019-07-29,2020-09-29
602,2873,9,Tainan,2019-02-14,2022-05-15
603,2874,7,Yilan,2019-07-01,2021-12-01
604,2875,4,Tainan,2019-06-10,2020-08-10
605,2877,7,Yilan,2019-07-01,2020-10-01
606,2878,5,Tainan,2019-07-20,2020-09-20
607,2879,5,Yilan,2019-07-01,2022-01-01
608,2880,8,Penghu,2019-06-20,2021-09-20
609,2881,13,Taoyuan,2019-07-01,2021-07-02
610,2883,1,Kaohsiung,2019-06-24,2020-10-24
611,2886,5,Yilan,2019-07-06,2021-11-06
612,2887,8,Hualien,2019-07-04,2020-09-04
613,2888,14,Tainan,2019-06-10,2020-08-10
614,2889,4,Hualien,2019-07-04,2020-09-04
615,2890,4,Hualien,2019-07-04,2021-09-05
616,2891,5,Penghu,2019-07-20,2020-07-20
617,2892,6,Tainan,2019-07-20,2020-08-20
618,2897,6,Tainan,2019-07-06,2020-09-06
619,2898,5,Hualien,2019-07-01,2021-10-01
620,2899,5,Yilan,2019-07-06,2020-09-06
621,2901,9,Taitung,2019-08-19,2020-10-19
622,2902,12,Tainan,2019-07-20,2020-08-20
623,2903,4,Yilan,2019-07-20,2020-09-20
624,2904,6,Tainan,2020-02-23,2021-04-23
625,2905,5,Hualien,2019-07-12,2021-10-12
626,2906,6,Pingtung,2019-07-20,2020-08-20
627,2908,10,Yilan,2019-07-13,2021-10-13
628,2909,5,Yilan,2019-07-13,2021-10-13
629,2917,6,Tainan,2019-07-21,2020-09-21
630,2918,4,Tainan,2019-07-21,2020-09-21
631,2919,5,Tainan,2019-08-14,2021-12-14
632,2920,5,Tainan,2019-07-20,2020-09-20
633,2921,9,Pingtung,2019-07-20,2021-08-21
634,2922,8,Pingtung,2019-07-20,2020-05-20
635,2923,15,Pingtung,2019-07-20,2020-05-20
636,2924,5,Pingtung,2019-07-14,2021-07-15
637,2925,14,Hualien,2019-06-27,2021-09-27
638,2931,4,New Taipei,2019-07-18,2021-08-19
639,2932,4,New Taipei,2019-07-18,2021-08-19
640,2933,21,Pingtung,2019-07-18,2021-07-18
641,2936,1,Pingtung,2019-07-18,2021-07-19
642,2940,8,Pingtung,2019-07-18,2020-10-18
643,2942,6,Pingtung,2019-11-01,2021-02-01
644,2943,7,Pingtung,2019-07-20,2020-08-20
645,2944,13,Tainan,2019-07-20,2020-08-20
646,2945,3,Tainan,2019-09-02,2020-11-02
647,2949,12,Pingtung,2019-12-21,2021-03-21
648,2950,10,Pingtung,2019-12-21,2021-03-21
649,2951,12,Pingtung,2019-12-21,2021-03-21
650,2957,5,Tainan,2019-07-21,2020-09-21
651,2960,5,Miaoli,2019-07-27,2021-07-28
652,2966,4,Hualien,2019-07-01,2020-09-01
653,2967,8,Yilan,2019-07-25,2021-10-25
654,2968,13,Yilan,2019-07-08,2021-09-08
655,2972,6,Hualien,2019-07-26,2019-10-22
656,2973,5,Pingtung,2019-11-01,2021-02-01
657,2974,9,Hualien,2019-07-27,2020-09-27
658,2975,20,Tainan,2019-09-01,2020-11-01
659,2976,14,Pingtung,2019-11-01,2021-01-01
660,2984,18,Miaoli,2019-08-03,2020-08-03
661,2986,5,Tainan,2019-07-27,2021-01-27
662,2987,6,Tainan,2019-07-28,2020-09-28
663,2988,6,Yilan,2019-07-01,2020-09-01
664,2989,7,Yilan,2019-07-01,2020-09-01
665,2991,5,Hualien,2019-07-29,2020-09-29
666,2995,7,Pingtung,2019-08-01,2020-11-01
667,2996,16,Pingtung,2019-08-01,2020-11-01
668,2997,7,Pingtung,2019-08-01,2020-11-01
669,2998,11,Pingtung,2019-08-01,2020-11-01
670,2999,7,Pingtung,2019-08-01,2020-11-01
671,3000,8,Tainan,2020-05-01,2021-08-01
672,3002,5,Yilan,2019-09-01,2022-01-01
673,3018,4,Tainan,2019-06-10,2020-08-10
674,3022,7,Yilan,2019-08-20,2020-08-20
675,3023,6,Pingtung,2019-08-20,2020-08-20
676,3024,17,Tainan,2019-08-10,2020-10-10
677,3025,17,Tainan,2019-08-10,2020-10-10
678,3026,11,Tainan,2019-08-10,2020-10-10
679,3027,5,Tainan,2019-08-10,2020-10-10
680,3028,12,Kaohsiung,2019-09-14,2022-03-14
681,3029,21,Kaohsiung,2019-09-14,2022-03-14
682,3031,4,Hualien,2019-08-09,2020-10-09
683,3032,4,Hualien,2019-08-09,2021-02-09
684,3043,4,Yilan,2019-09-01,2020-11-01
685,3044,8,Yilan,2019-09-16,2020-11-16
686,3045,5,Yilan,2019-09-01,2020-11-01
687,3049,1,Tainan,2019-06-10,2020-08-10
688,3055,2,Taitung,2019-08-01,2020-10-01
689,3057,6,Yilan,2019-08-20,2020-03-23
690,3069,5,Nantou,2019-08-18,2020-10-18
691,3071,5,Hualien,2019-08-01,2020-10-01
692,3073,8,Tainan,2019-08-19,2020-10-19
693,3074,3,Kaohsiung,2019-08-19,2020-10-19
694,3077,28,Pingtung,2020-01-01,2021-04-01
695,3078,12,Pingtung,2019-12-01,2021-12-01
696,3079,8,Pingtung,2019-12-01,2020-12-01
697,3080,5,Pingtung,2019-12-01,2020-12-01
698,3081,4,Taitung,2019-08-01,2022-01-01
699,3082,6,Penghu,2019-09-01,2021-09-01
700,3086,7,Pingtung,2019-08-28,2020-08-28
701,3087,5,Tainan,2019-09-27,2020-11-27
702,3088,5,Pingtung,2019-08-27,2020-08-27
703,3089,4,Penghu,2019-09-01,2021-09-01
704,3090,4,Yilan,2019-08-27,2021-12-27
705,3096,16,Taipei,2019-06-08,2020-08-08
706,3098,8,Tainan,2019-08-20,2020-08-20
707,3099,8,Pingtung,2019-09-15,2020-09-15
708,3100,11,Nantou,2019-09-05,2020-11-05
709,3101,7,Nantou,2019-09-05,2020-11-05
710,3103,10,Kaohsiung,2019-09-01,2020-11-01
711,3117,8,New Taipei,2019-09-06,2021-12-06
712,3123,6,Tainan,2019-09-20,2019-10-20
713,3128,5,New Taipei,2019-07-18,2021-08-19
714,3129,40,Kaohsiung,2019-11-02,2021-01-02
715,3131,5,Yilan,2019-09-20,2021-04-20
716,3139,4,Tainan,2019-06-10,2020-08-10
717,3144,5,Keelung,2019-09-14,2020-11-14
718,3147,5,Hualien,2019-09-01,2020-11-01
719,3151,11,Nantou,2019-09-16,2020-11-16
720,3152,11,Kaohsiung,2019-09-16,2022-01-16
721,3153,6,Yilan,2019-09-15,2020-10-15
722,3154,5,Hualien,2019-09-23,2020-11-23
723,3155,7,Yilan,2019-09-15,2020-10-15
724,3156,6,Yilan,2019-09-15,2020-10-15
725,3157,8,Yilan,2019-09-15,2020-10-15
726,3158,7,Yilan,2019-09-15,2020-10-15
727,3159,11,Taipei,2019-10-01,2020-11-01
728,3162,7,Chiayi,2019-09-20,2020-08-20
729,3163,4,Penghu,2019-09-20,2020-11-20
730,3164,8,Hualien,2019-09-21,2020-11-21
731,3166,10,Taitung,2019-08-28,2020-10-28
732,3172,8,Pingtung,2019-10-23,2020-10-23
733,3173,11,Hualien,2019-09-24,2021-12-25
734,3174,20,Taichung,2019-10-23,2020-12-23
735,3176,7,Tainan,2019-09-01,2020-09-01
736,3177,8,Kaohsiung,2019-02-10,2021-05-10
737,3179,8,Yilan,2019-09-23,2020-11-23
738,3180,9,Pingtung,2019-09-01,2020-09-01
739,3182,5,Yilan,2019-09-02,2020-11-02
740,3191,6,Yilan,2019-09-20,2020-08-20
741,3193,8,Yilan,2019-10-01,2022-01-01
742,3195,16,Yilan,2019-10-01,2022-01-01
743,3197,6,Yilan,2019-10-15,2021-01-15
744,3201,5,Nantou,2019-09-29,2020-11-29
745,3206,21,New Taipei,2019-12-02,2021-02-02
746,3207,25,Changhua,2019-10-01,2020-12-01
747,3208,40,Taichung,2020-02-21,2021-04-21
748,3210,6,Tainan,2019-10-20,2020-08-20
749,3212,16,Nantou,2019-10-10,2020-12-10
750,3213,9,Nantou,2019-10-20,2020-08-20
751,3214,15,Nantou,2019-10-09,2020-12-09
752,3216,3,Nantou,2019-10-16,2020-12-16
753,3219,12,Nantou,2019-10-20,2019-11-20
754,3221,5,Changhua,2019-10-07,2020-12-07
755,3222,6,Tainan,2019-08-19,2020-10-19
756,3224,6,Tainan,2019-10-20,2019-11-20
757,3225,27,Pingtung,2019-08-04,2021-10-04
758,3226,7,New Taipei,2019-10-01,2020-12-01
759,3227,5,Tainan,2019-10-20,2021-01-21
760,3229,4,Yilan,2019-10-15,2022-02-15
761,3230,3,Yilan,2019-10-15,2022-02-15
762,3231,4,Yilan,2019-10-15,2022-02-15
763,3232,4,Yilan,2019-10-15,2022-02-15
764,3240,5,Taichung,2019-10-13,2020-11-13
765,3248,4,Kinmen,2019-10-20,2020-08-20
766,3249,9,Kinmen,2019-10-20,2020-08-20
767,3251,5,Kinmen,2019-10-20,2020-08-20
768,3256,9,Pingtung,2019-10-20,2020-12-20
769,3258,5,Tainan,2019-10-01,2022-04-01
770,3259,6,Tainan,2019-10-18,2020-11-18
771,3262,5,Tainan,2019-10-25,2020-12-25
772,3263,5,Tainan,2019-10-31,2020-12-31
773,3264,7,Tainan,2019-04-01,2021-08-02
774,3265,5,Yilan,2019-10-01,2020-12-01
775,3271,5,Taitung,2019-10-15,2020-12-15
776,3281,6,Taitung,2019-10-20,2020-08-20
777,3283,6,Nantou,2019-10-26,2020-11-26
778,3285,8,Taipei,2019-10-28,2020-04-28
779,3289,6,Hualien,2019-11-02,2021-01-02
780,3290,5,Tainan,2019-10-25,2020-12-25
781,3291,3,Tainan,2019-10-25,2020-12-25
782,3292,3,Tainan,2019-10-25,2020-12-25
783,3293,1,Tainan,2019-10-25,2020-12-25
784,3294,20,Nantou,2019-11-01,2021-01-01
785,3295,5,Nantou,2019-11-01,2021-01-01
786,3296,5,Hualien,2019-10-03,2020-12-03
787,3297,6,Nantou,2019-10-26,2020-12-26
788,3306,7,Pingtung,2019-12-15,2021-06-15
789,3307,6,Pingtung,2019-12-15,2021-06-15
790,3308,7,Pingtung,2019-12-15,2021-06-15
791,3309,20,Taitung,2019-11-20,2021-02-20
792,3314,5,Yilan,2019-11-01,2020-12-01
793,3316,5,Nantou,2020-01-01,2021-03-01
794,3317,12,Pingtung,2019-11-03,2021-01-03
795,3318,19,Nantou,2020-02-01,2021-04-01
796,3320,7,Tainan,2019-04-01,2021-08-02
797,3321,6,Tainan,2019-04-01,2021-08-02
798,3322,20,Nantou,2019-11-01,2021-01-01
799,3324,12,Taitung,2019-11-07,2021-01-07
800,3325,16,Yilan,2019-11-07,2021-01-07
801,3326,8,Tainan,2019-10-28,2021-04-28
802,3333,4,Tainan,2020-04-20,2021-06-20
803,3336,8,Nantou,2019-11-14,2022-03-14
804,3339,8,Taichung,2019-11-16,2021-01-16
805,3340,5,Penghu,2020-01-09,2021-03-09
806,3341,5,Penghu,2020-01-09,2021-03-09
807,3342,5,Tainan,2019-10-26,2020-11-26
808,3343,33,Tainan,2019-12-18,2021-02-18
809,3346,5,Nantou,2019-11-16,2021-01-16
810,3353,8,Kaohsiung,2019-11-01,2021-01-01
811,3354,11,Kaohsiung,2019-11-01,2021-01-01
812,3355,2,Tainan,2018-09-08,2022-01-08
813,3357,10,Kaohsiung,2019-11-19,2021-01-19
814,3358,2,Taipei,2019-06-08,2020-08-08
815,3361,14,New Taipei,2019-11-02,2021-01-02
816,3362,22,Hualien,2019-11-01,2021-01-01
817,3369,38,Taitung,2019-11-20,2020-05-20
818,3372,102,Taipei,2020-01-24,2021-03-24
819,3374,5,Pingtung,2019-11-24,2021-01-24
820,3375,6,Yilan,2019-11-01,2021-01-01
821,3378,1,Yilan,2019-11-25,2020-11-25
822,3379,1,Yilan,2019-11-25,2020-11-25
823,3380,5,Taitung,2019-11-11,2021-01-11
824,3381,5,Taitung,2019-11-11,2021-01-11
825,3382,5,Tainan,2020-04-27,2021-06-27
826,3384,1,Taichung,2019-11-16,2021-01-16
827,3386,10,Nantou,2019-11-24,2021-01-24
828,3389,21,Tainan,2020-01-09,2021-04-09
829,3393,16,Penghu,2019-12-30,2020-12-30
830,3394,4,Pingtung,2019-11-20,2019-12-20
831,3398,9,Yilan,2019-11-01,2021-05-01
832,3399,5,Tainan,2019-11-30,2021-01-30
833,3400,16,Hualien,2020-01-03,2021-03-03
834,3402,6,Tainan,2019-04-01,2021-08-02
835,3407,8,Yilan,2019-12-01,2021-02-01
836,3412,4,Tainan,2019-12-05,2021-02-05
837,3413,8,Hualien,2019-12-20,2020-08-20
838,3414,5,Pingtung,2020-01-17,2021-01-17
839,3415,10,Pingtung,2019-11-08,2021-05-08
840,3416,16,Tainan,2019-11-18,2021-01-18
841,3417,3,Kaohsiung,2019-11-20,2021-01-20
842,3420,6,Nantou,2020-05-23,2021-09-23
843,3424,5,Nantou,2019-12-15,2021-02-15
844,3425,15,Hualien,2019-11-25,2020-11-25
845,3427,20,Nantou,2019-12-01,2021-02-01
846,3428,1,Tainan,2018-09-08,2022-01-08
847,3429,5,Tainan,2019-12-13,2021-02-13
848,3431,10,Penghu,2019-12-03,2020-12-03
849,3433,10,Hualien,2019-12-20,2020-08-20
850,3436,8,Taitung,2019-12-26,2022-03-26
851,3437,8,Tainan,2019-12-02,2021-02-02
852,3438,108,Taichung,2019-12-29,2021-03-29
853,3439,8,Nantou,2019-12-01,2021-02-01
854,3440,5,Nantou,2019-12-01,2020-03-03
855,3444,45,Hualien,2019-12-01,2021-01-01
856,3449,5,Yilan,2019-12-01,2020-12-01
857,3452,4,New Taipei,2019-07-18,2021-08-19
858,3453,5,Hualien,2019-12-26,2021-02-26
859,3461,6,Yilan,2019-12-22,2021-02-22
860,3462,13,Tainan,2019-12-20,2020-08-20
861,3463,3,Pingtung,2019-12-22,2020-08-22
862,3470,5,Yilan,2019-12-22,2021-02-22
863,3471,13,Pingtung,2020-01-29,2021-03-29
864,3474,7,Nantou,2020-01-01,2021-03-01
865,3475,4,Nantou,2020-01-01,2021-03-01
866,3483,20,Taipei,2019-12-26,2021-02-26
867,3490,16,Taitung,2019-12-20,2020-08-20
868,3491,5,Taitung,2019-12-20,2020-08-20
869,3492,5,Taitung,2019-12-20,2020-08-20
870,3493,4,Taitung,2019-12-20,2020-08-20
871,3494,14,Nantou,2020-01-01,2021-03-01
872,3495,8,Yilan,2020-01-01,2021-07-01
873,3497,8,Yilan,2020-01-05,2021-03-05
874,3498,30,Hualien,2020-01-15,2021-03-15
875,3499,5,Hualien,2020-01-02,2021-03-02
876,3500,5,Hualien,2019-12-15,2021-02-15
877,3507,4,Tainan,2019-12-06,2021-02-06
878,3509,9,Tainan,2020-01-01,2021-03-01
879,3517,3,Taitung,2019-12-02,2021-02-02
880,3518,6,Yilan,2020-01-01,2021-05-01
881,3522,16,Nantou,2020-01-01,2021-03-01
882,3524,12,Kinmen,2020-01-05,2021-03-05
883,3527,6,Yilan,2020-01-01,2021-05-01
884,3528,4,Yilan,2020-01-01,2021-05-01
885,3530,5,Tainan,2019-12-30,2020-12-30
886,3531,7,Tainan,2019-12-30,2020-12-30
887,3536,30,Taitung,2020-01-14,2021-03-14
888,3537,24,Nantou,2020-02-17,2021-04-17
889,3538,30,Nantou,2020-01-20,2022-05-20
890,3541,6,Pingtung,2019-12-13,2021-05-13
891,3548,31,Taichung,2020-02-01,2020-04-23
892,3550,6,Tainan,2020-01-31,2020-03-02
893,3551,17,Pingtung,2020-01-15,2021-03-15
894,3552,11,Tainan,2020-01-02,2021-03-02
895,3553,40,Nantou,2020-01-01,2020-03-01
896,3554,7,Nantou,2019-12-24,2021-02-24
897,3559,8,Taitung,2020-01-20,2020-08-20
898,3560,4,Yilan,2020-06-20,2021-06-20
899,3561,2,Yilan,2020-01-15,2021-06-15
900,3562,2,Yilan,2020-01-15,2021-06-15
901,3563,2,Yilan,2020-01-15,2021-06-15
902,3564,8,Yilan,2020-01-15,2021-07-15
903,3565,8,Yilan,2020-01-15,2021-07-15
904,3566,5,Yilan,2020-01-15,2021-07-15
905,3570,20,Taipei,2020-01-24,2021-03-24
906,3574,1,Tainan,2020-01-24,2021-03-24
907,3575,8,Tainan,2020-01-24,2021-03-24
908,3577,4,Tainan,2020-01-24,2021-03-24
909,3578,1,Tainan,2020-01-24,2021-03-24
910,3582,2,Kaohsiung,2020-02-01,2021-04-01
911,3583,3,Kaohsiung,2020-02-01,2021-04-01
912,3585,31,Pingtung,2020-02-16,2021-04-16
913,3589,8,Nantou,2020-01-01,2021-03-01
914,3591,20,Taipei,2020-01-29,2021-03-29
915,3592,5,Yilan,2020-01-30,2021-03-30
916,3593,6,Hualien,2020-01-15,2021-03-15
917,3594,5,Hualien,2020-01-15,2021-03-15
918,3595,25,New Taipei,2020-01-03,2021-03-03
919,3596,5,Nantou,2020-02-04,2021-04-04
920,3601,27,New Taipei,2020-01-12,2021-03-12
921,3602,8,Nantou,2020-02-16,2021-04-16
922,3603,4,Hualien,2020-01-28,2021-03-28
923,3604,5,Pingtung,2020-02-04,2021-02-04
924,3606,9,Hualien,2020-01-07,2021-02-07
925,3607,4,Nantou,2020-02-01,2021-04-01
926,3608,5,Yilan,2020-02-01,2022-05-01
927,3609,6,Yilan,2020-02-01,2022-05-01
928,3610,8,Yilan,2020-02-01,2022-05-01
929,3611,20,Yilan,2020-03-01,2020-05-14
930,3612,10,Yilan,2020-03-01,2022-06-01
931,3613,12,Yilan,2020-03-01,2022-06-01
932,3614,7,Yilan,2020-02-15,2021-04-15
933,3615,12,Taitung,2020-02-09,2021-03-09
934,3618,5,Tainan,2020-02-11,2021-04-11
935,3619,1,Pingtung,2019-06-10,2020-08-10
936,3620,5,Hualien,2020-02-01,2021-04-01
937,3622,5,Tainan,2020-06-15,2020-08-15
938,3623,5,Tainan,2020-06-15,2020-08-15
939,3626,14,Taitung,2020-02-14,2021-03-14
940,3628,5,Pingtung,2020-02-15,2021-07-15
941,3632,5,Pingtung,2020-04-01,2021-09-01
942,3633,9,Pingtung,2020-02-20,2020-08-20
943,3634,5,Hualien,2020-02-16,2021-04-16
944,3635,6,Nantou,2020-02-01,2021-04-01
945,3637,6,Pingtung,2020-04-15,2021-06-15
946,3638,5,Yilan,2020-03-15,2021-05-15
947,3639,12,Nantou,2020-02-01,2021-04-01
948,3640,9,Yilan,2020-02-15,2022-05-15
949,3641,12,Yilan,2020-02-20,2021-04-20
950,3642,5,Yilan,2020-02-20,2021-04-20
951,3644,5,Pingtung,2020-03-15,2021-03-15
952,3650,5,Nantou,2020-02-21,2021-04-21
953,3651,20,Tainan,2020-03-01,2021-05-01
954,3653,6,Tainan,2020-03-25,2021-05-25
955,3655,33,Nantou,2020-02-22,2021-03-22
956,3658,7,Hualien,2020-04-01,2021-06-01
957,3661,5,Taitung,2020-03-03,2021-04-03
958,3664,10,Pingtung,2020-03-03,2021-03-03
959,3665,12,Kinmen,2020-02-10,2021-04-10
960,3666,23,Taitung,2020-03-04,2021-03-04
961,3668,7,Pingtung,2020-04-02,2021-06-02
962,3674,5,Kaohsiung,2020-03-07,2021-05-07
963,3678,4,Penghu,2020-05-27,2021-07-27
964,3685,3,Hualien,2019-12-20,2020-08-20
965,3686,1,Yilan,2020-02-01,2022-05-01
966,3687,4,Tainan,2020-03-17,2021-05-17
967,3688,40,Penghu,2020-03-30,2021-05-30
968,3690,5,Hualien,2020-03-01,2021-05-01
969,3692,6,Hualien,2020-03-02,2021-05-02
970,3704,12,Penghu,2020-03-20,2020-08-20
971,3705,5,Nantou,2020-03-20,2021-05-20
972,3706,7,Nantou,2020-06-01,2021-08-01
973,3707,4,Tainan,2020-03-25,2021-05-25
974,3708,5,Tainan,2020-03-21,2021-05-21
975,3709,5,Pingtung,2020-04-02,2021-04-02
976,3710,4,Nantou,2020-03-20,2021-05-20
977,3711,40,Nantou,2020-03-01,2021-05-01
978,3714,5,Taitung,2020-03-16,2021-05-16
979,3715,14,Taitung,2020-03-16,2021-05-16
980,3716,1,Taitung,2020-03-16,2020-05-11
981,3717,6,Hualien,2020-03-15,2021-05-15
982,3718,6,Hualien,2020-03-15,2021-05-15
983,3719,5,Penghu,2020-03-20,2020-08-20
984,3720,6,Hualien,2020-04-03,2021-06-03
985,3723,8,Taipei,2020-03-26,2021-05-26
986,3732,10,Pingtung,2020-03-26,2021-04-26
987,3734,40,Nantou,2020-04-01,2021-06-01
988,3739,7,Yilan,2020-04-25,2021-06-25
989,3740,20,Taitung,2020-05-20,2021-07-20
990,3741,5,Penghu,2020-03-20,2020-08-20
991,3742,13,Penghu,2020-03-20,2020-04-20
992,3744,5,Kaohsiung,2020-04-06,2021-06-06
993,3746,17,Taitung,2020-05-20,2021-07-20
994,3747,7,Hualien,2020-04-12,2021-06-12
995,3757,6,Pingtung,2020-03-04,2021-03-04
996,3759,15,Hualien,2020-04-05,2021-06-05
997,3760,9,Yilan,2020-04-17,2021-06-17
998,3762,2,Tainan,2019-04-01,2021-08-02
999,3766,16,Tainan,2020-03-16,2021-05-16
1000,3767,4,Kinmen,2020-04-11,2021-06-11
1001,3769,15,Nantou,2020-04-16,2021-06-16
1002,3770,9,Taitung,2020-04-02,2022-07-02
1003,3771,9,Taitung,2020-04-02,2022-07-02
1004,3772,9,Taitung,2020-04-02,2022-07-02
1005,3775,8,Yilan,2020-04-17,2021-06-17
1006,3776,4,Pingtung,2020-03-17,2021-03-17
1007,3777,2,Pingtung,2020-03-17,2021-03-17
1008,3778,35,Yilan,2020-04-18,2022-09-18
1009,3779,15,Nantou,2020-04-19,2021-06-19
1010,3780,16,Keelung,2020-04-24,2021-06-24
1011,3781,40,Yilan,2020-04-24,2021-06-24
1012,3782,40,Yilan,2020-04-24,2021-06-24
1013,3783,30,Pingtung,2020-04-24,2021-06-24
1014,3784,40,Kaohsiung,2020-04-26,2021-06-26
1015,3787,10,Hualien,2020-04-24,2021-06-24
1016,3792,5,Hualien,2020-04-20,2021-06-20
1017,3794,8,Pingtung,2020-05-01,2021-05-01
1018,3795,15,Yilan,2020-03-30,2021-03-30
1019,3797,5,Kaohsiung,2020-04-02,2021-04-02
1020,3798,40,Kaohsiung,2020-03-26,2021-03-26
1021,3799,20,Nantou,2020-03-26,2021-03-26
1022,3800,20,Nantou,2020-03-26,2021-03-26
1023,3801,13,Pingtung,2019-12-30,2020-12-30
1024,3806,5,Yilan,2020-04-15,2021-06-15
1025,3807,5,Taoyuan,2020-04-01,2021-06-01
1026,3809,17,Yilan,2020-03-27,2022-03-27
1027,3810,20,Taitung,2020-03-27,2021-03-27
1028,3811,40,Tainan,2020-04-26,2021-06-26
1029,3812,9,Pingtung,2020-06-01,2021-08-01
1030,3813,5,Yilan,2020-06-01,2021-08-01
1031,3814,5,Tainan,2020-04-20,2020-08-20
1032,3815,5,Penghu,2020-04-20,2020-08-20
1033,3816,4,Tainan,2020-04-20,2020-08-20
1034,3817,6,Yilan,2020-05-01,2021-07-01
1035,3819,13,Yilan,2020-05-01,2021-07-01
1036,3820,40,Kaohsiung,2020-03-27,2021-03-27
1037,3821,12,Penghu,2020-04-20,2020-08-20
1038,3823,4,Yilan,2020-06-01,2021-08-01
1039,3824,40,Hualien,2020-04-28,2021-06-28
1040,3825,6,Tainan,2020-06-01,2021-08-01
1041,3826,7,Tainan,2020-06-01,2021-08-01
1042,3831,30,Yilan,2020-03-30,2023-03-30
1043,3832,7,Yilan,2020-05-30,2023-09-30
1044,3833,10,Yilan,2020-05-30,2023-09-30
1045,3834,30,Kaohsiung,2020-03-31,2021-03-31
1046,3835,10,Pingtung,2020-03-30,2021-03-30
1047,3836,33,Tainan,2020-04-30,2021-04-30
1048,3838,5,Hualien,2020-04-15,2021-06-15
1049,3839,5,Hualien,2020-05-15,2021-07-15
1050,3840,20,Tainan,2020-03-31,2021-03-31
1051,3841,20,Nantou,2020-03-31,2021-03-31
1052,3842,12,Pingtung,2020-03-31,2021-03-31
1053,3844,5,Tainan,2019-08-20,2020-08-20
1054,3845,7,Hualien,2020-07-15,2021-09-15
1055,3846,9,Pingtung,2020-05-20,2020-08-20
1056,3847,14,Yilan,2020-05-08,2021-07-08
1057,3848,24,Tainan,2020-04-09,2021-04-09
1058,3849,20,Kaohsiung,2020-05-17,2021-07-17
1059,3850,13,Pingtung,2020-04-16,2023-04-16
1060,3857,4,Hualien,2020-05-20,2021-07-20
1061,3859,3,Pingtung,2020-04-13,2021-04-13
1062,3862,19,Nantou,2020-05-16,2021-07-16
1063,3870,7,Pingtung,2020-05-20,2020-08-20
1064,3871,10,Tainan,2020-05-20,2020-08-20
1065,3872,10,Pingtung,2020-05-20,2020-08-20
1066,3874,40,Nantou,2020-06-01,2021-08-01
1067,3875,1,Kaohsiung,2020-05-22,2021-07-22
1068,3876,8,Yilan,2020-06-20,2021-08-20
1069,3879,12,Nantou,2020-06-01,2021-08-01
1070,3881,3,Nantou,2020-05-27,2020-08-27
1071,3882,10,Pingtung,2020-05-30,2021-07-30
1072,3883,5,Taitung,2020-05-11,2021-07-11
1073,3885,5,Pingtung,2020-06-11,2021-06-11
1074,3886,30,Penghu,2020-05-20,2020-08-20
1075,3889,6,Tainan,2019-04-01,2021-08-02
1076,3890,2,Taitung,2020-05-27,2021-05-27
1077,3891,3,Taitung,2020-05-27,2021-05-27
1078,3894,12,Taitung,2020-06-15,2021-08-15
1079,3896,4,Pingtung,2020-06-20,2020-07-20
1080,3898,15,Nantou,2020-06-01,2021-08-01
1081,3899,4,Yilan,2020-06-15,2021-08-15
1082,3900,4,Yilan,2020-06-15,2021-08-15
1083,3901,13,Tainan,2020-06-08,2021-08-08
1084,3902,5,Hualien,2020-06-01,2021-06-01
1085,3906,10,Lienchiang,2020-06-13,2021-08-13
1086,3908,8,Nantou,2020-07-26,2020-08-26
1087,3913,5,Changhua,2020-06-18,2021-08-18
1088,3916,5,Hualien,2020-06-06,2021-08-06
1089,3927,42,Yilan,2020-07-01,2021-09-01
1090,3930,7,Tainan,2020-06-24,2021-08-24
1091,3933,19,Yilan,2020-06-15,2022-06-15
1092,3934,5,Taitung,2020-06-20,2020-07-20
1093,3936,14,Hualien,2020-06-27,2021-06-27
1094,3941,4,Kinmen,2020-05-27,2021-07-27
1095,3946,27,Nantou,2020-06-16,2021-07-16
1096,3947,5,Pingtung,2020-06-28,2021-08-28
1097,3948,1,Pingtung,2020-06-28,2021-08-28
1098,3950,7,Miaoli,2020-07-19,2021-08-19
1099,3951,9,Pingtung,2020-06-03,2021-08-03
1100,3954,8,Hualien,2020-07-06,2021-09-06
1101,3956,6,Tainan,2020-06-02,2021-08-02
1102,3964,5,Pingtung,2020-06-04,2021-06-04
1103,3967,4,Yilan,2020-07-15,2021-09-15
1104,3968,5,Penghu,2020-07-09,2021-09-09
1105,3973,12,Kinmen,2020-07-09,2021-09-09
1106,3975,5,Hualien,2020-07-15,2021-09-15
1107,3977,10,Pingtung,2020-06-09,2021-08-09
1108,3978,16,Penghu,2020-06-18,2020-08-18
1109,3979,3,Yilan,2020-07-01,2021-09-01
1110,3981,7,Pingtung,2020-07-12,2021-07-12
1111,3982,11,Nantou,2020-06-12,2021-08-12
1112,3983,15,Nantou,2020-07-01,2021-09-01
1113,3984,14,Pingtung,2020-07-15,2021-09-15
1114,3986,5,Taitung,2020-07-17,2021-08-17
1115,3987,9,Tainan,2020-07-17,2021-09-17
1116,3988,9,Tainan,2020-07-17,2021-09-17
1117,3989,9,Tainan,2020-07-17,2021-09-17
1118,3990,9,Tainan,2020-07-17,2021-09-17
1119,3992,5,Yilan,2020-07-01,2021-09-01
1120,3993,6,Nantou,2020-07-01,2021-07-01
1121,3994,5,Pingtung,2020-06-17,2021-06-17
1122,3995,5,Yilan,2020-07-15,2021-09-15
1123,3999,5,Pingtung,2020-06-18,2021-07-18
1124,4000,6,Tainan,2020-06-02,2021-08-02
1125,4003,15,Hualien,2020-07-15,2021-09-15
1126,4004,14,Nantou,2020-07-20,2021-09-20
1127,4006,5,Penghu,2020-07-22,2022-10-22
1128,4007,8,Penghu,2020-07-22,2022-10-22
1129,4009,8,Penghu,2020-07-22,2022-10-22
1130,4022,5,Tainan,2020-06-02,2021-08-02
1131,4023,5,Nantou,2020-07-01,2021-08-01
1132,4026,3,Yilan,2020-06-30,2021-07-30
1133,4032,8,Pingtung,2020-07-08,2020-08-08
1134,4034,11,Pingtung,2020-07-02,2021-08-02
1135,4048,3,Pingtung,2020-07-16,2020-08-16
1136,4049,14,Nantou,2020-07-14,2022-07-14
1137,4050,2,Pingtung,2020-07-16,2020-08-16
1138,4072,5,Pingtung,2020-07-22,2021-08-22
1139,4074,10,Pingtung,2020-07-22,2021-08-22
